{
    "CurrentLoop1": {
        "m": 2.4991768276426534,
        "b": 0.007233361771662405,
        "s_est": 0.020879843950920258,
        "r2": 0.9999916431500151
    },
    "CurrentLoop2": {
        "m": 2.4992589004990373,
        "b": 0.00846565504635154,
        "s_est": 0.02012624897083268,
        "r2": 0.9999922360000459
    },
    "PressureRegulator1": {
        "m": 6.719319917777565,
        "b": -8.152095894000787,
        "s_est": 4.050439710683346,
        "r2": 0.9042175225305585
    },
    "PressureRegulator2": {
        "m": 6.697707865445918,
        "b": -7.255899416859241,
        "s_est": 3.929902833969388,
        "r2": 0.9087915749519907
    }
}