{
    "CurrentLoop1": {
        "m": 2.4991768276426534,
        "b": 0.007233361771662405,
        "s_est": 0.020879843950920258,
        "r2": 0.9999916431500151
    },
    "CurrentLoop2": {
        "m": 2.4992589004990373,
        "b": 0.00846565504635154,
        "s_est": 0.02012624897083268,
        "r2": 0.9999922360000459
    },
    "Regulator2": {
        "m": 9.348368120465823,
        "b": -14.866592183503835,
        "s_est": 0.17796985901620213,
        "r2": 0.9999027419066553
    }
}