{
    "CurrentLoop40k_1": {
        "m": 2.488564424003159,
        "b": 0.05960051090698949,
        "s_est": 0.05205761006926554,
        "r2": 0.9999491462871564
    },
    "CurrentLoop40k_2": {
        "m": 2.4902415493880983,
        "b": 0.07398204653187263,
        "s_est": 0.13195995893206947,
        "r2": 0.9996737625874187
    },
    "CurrentLoop10k_1": {
        "m": 2.4913361417341053,
        "b": 0.0389706806700643,
        "s_est": 0.03540523161835655,
        "r2": 0.9999765288641951
    },
    "CurrentLoop10k_2": {
        "m": 2.4942948486195773,
        "b": 0.04250332714813622,
        "s_est": 0.11468289737218443,
        "r2": 0.9997543769474163
    },
    "CurrentLoop2500_1": {
        "m": 2.490418566542956,
        "b": 0.04313898837524222,
        "s_est": 0.03375266825519036,
        "r2": 0.9999786530252335
    },
    "CurrentLoop2500_2": {
        "m": 2.4925578918887266,
        "b": 0.04681522596670158,
        "s_est": 0.11818162083577888,
        "r2": 0.9997388019074901
    },
    "CurrentLoop625_1": {
        "m": 2.4896369345418345,
        "b": 0.048673319616614266,
        "s_est": 0.036844196380718466,
        "r2": 0.9999745475751871
    },
    "CurrentLoop625_2": {
        "m": 2.4822148208366994,
        "b": 0.06503175279747135,
        "s_est": 0.17847817283879477,
        "r2": 0.999399511487933
    },
    "CurrentLoop156_1": {
        "m": 2.489159082762976,
        "b": 0.05229722659028653,
        "s_est": 0.038918667009218616,
        "r2": 0.9999715899272704
    },
    "CurrentLoop156_2": {
        "m": 2.4834262363021216,
        "b": 0.059162291729237995,
        "s_est": 0.17299051885141659,
        "r2": 0.9994363995750414
    },
    "CurrentLoop40_1": {
        "m": 2.489557257406259,
        "b": 0.0500941527831542,
        "s_est": 0.039041106382967095,
        "r2": 0.9999714200371738
    },
    "CurrentLoop40_2": {
        "m": 2.483637424216756,
        "b": 0.06062177296607918,
        "s_est": 0.16751483135893533,
        "r2": 0.9994715855722763
    }
}